Invoice number,Item Number,Ship Reference Number,MPC,Package Description,Net Weight,product quantity,Quantity Unit,Product Price,Invoice Quantity,Invoice Unit,Total amount in FOB,Plant of ASSY,Freight amount,Freight currency,Insurance amount,insurance currency,Tariff code,Tariff Stat,Media Type,MASK_COUNT,Forwarder amount,Forwarder currency,Brand,Product Type,Plant of test,New model,New model desc,Carrier,FINAL_SHIPMENT
I-HK-7VJ-S11667243,1,I-HK-7VJ-S11667243,DECA27C8XAXF                    ,6L SOT-23,0.15,3000,PCS,0.1556,3000,PCS,466.8,MMT ,-7.11,USD,-0.09,USD,85423900,000,BAG     ,1,0,USD,No Brand,IC        ,MTAI,6L SOT-23(MMT)(BAG)1,INTEGRATED CIRCUIT            ,DHL,S11667243  
I-HK-5AP-S11674117,2,I-HK-5AP-S11674117,DECN14A3XB04                    ,8L MSOP,0.25,2100,PCS,0.20582,2100,PCS,432.23,MMT ,-6.58,USD,-0.09,USD,85423900,000,TUBE    ,1,0,USD,No Brand,IC        ,MTAI,8L MSOP(MMT)(TUBE)1,INTEGRATED CIRCUIT            ,DHL,S11674117  
I-TW-2CQ-S11679965,3,I-TW-2CQ-S11679965,YGAW14V2XBDF                    ,64L TQFP,0.2,50,PCS,1.66234,50,PCS,83.12,MTAI,-1.27,USD,-0.02,USD,85423900,000,TRAY    ,1,0,USD,No Brand,IC        ,MTAI,64L TQFP(MTAI)(TRAY)1,INTEGRATED CIRCUIT            ,DHL,S11679965  
I-JP-3ZK-S11680525,4,I-JP-3ZK-S11680525,DFAD17T3XA30                    ,44L QFN,0.14,95,PCS,1.27539,95,PCS,121.16,MMT ,-0.67,USD,0,USD,85423900,000,TUBE    ,1,-6.44,USD,No Brand,IC        ,MTAI,44L QFN(MMT)(TUBE)1,INTEGRATED CIRCUIT            ,DHL,S11680525  
I-JP-3ZK-S11680525,5,I-JP-3ZK-S11680525,DFAD17T3XA30                    ,44L QFN,0.01,5,PCS,1.23098,5,PCS,6.15,NSEB,-0.03,USD,0,USD,85423900,000,TUBE    ,1,-0.33,USD,No Brand,IC        ,MTAI,44L QFN(NSEB)(TUBE)1,INTEGRATED CIRCUIT TESTING    ,DHL,S11680525  
I-TW-BTW-S11682210,6,I-TW-BTW-S11682210,KF00A7M3XFX9                    ,28L SPDIP,0.15,2,PCS,1.10448,2,PCS,2.21,MMT ,-0.01,USD,0,USD,85423900,000,TUBE    ,1,-0.12,USD,No Brand,IC        ,MTAI,28L SPDIP(MMT)(TUBE)1,INTEGRATED CIRCUIT            ,DHL,S11682210  
I-TW-BTW-S11682210,7,I-TW-BTW-S11682210,MVAN14G6XLX5                    ,20L PDIP,0.15,5,PCS,0.58339,5,PCS,2.92,MMT ,-0.02,USD,0,USD,85423900,000,TUBE    ,1,-0.16,USD,No Brand,IC        ,MTAI,20L PDIP(MMT)(TUBE)1,INTEGRATED CIRCUIT            ,DHL,S11682210  
I-TW-BTW-S11682210,8,I-TW-BTW-S11682210,MVAN17G5XLX5                    ,20L SOIC,0.15,5,PCS,0.58717,5,PCS,2.94,NSEB,-0.02,USD,0,USD,85423900,000,TUBE    ,1,-0.16,USD,No Brand,IC        ,MTAI,20L SOIC(NSEB)(TUBE)1,INTEGRATED CIRCUIT TESTING    ,DHL,S11682210  
I-CO-4QH-S11683227,9,I-CO-4QH-S11683227,LEBD17D3XB04                    ,14L SOIC,0.35,20,PCS,0.24522,20,PCS,4.9,MTAI,-0.07,USD,0,USD,85423900,000,TUBE    ,1,0,USD,No Brand,IC        ,MTAI,14L SOIC(MTAI)(TUBE)1,INTEGRATED CIRCUIT            ,DHL,S11683227  
I-CO-4QH-S11683227,10,I-CO-4QH-S11683227,LEBD27C4XB04                    ,8L PDIP,0.35,250,PCS,0.3368,250,PCS,84.2,MMT ,-1.28,USD,-0.02,USD,85423900,000,TUBE    ,1,0,USD,No Brand,IC        ,MTAI,8L PDIP(MMT)(TUBE)1,INTEGRATED CIRCUIT            ,DHL,S11683227  
I-IN-AFK-S11683229,11,I-IN-AFK-S11683229,DFAH17T4XA30                    ,44L TQFP,0.05,10,PCS,0.9848,10,PCS,9.85,MTAI,-0.15,USD,0,USD,85423900,000,TRAY    ,1,0,USD,No Brand,IC        ,MTAI,44L TQFP(MTAI)(TRAY)1,INTEGRATED CIRCUIT            ,DHL,S11683229  
I-F-20M-S11683700,12,I-F-20M-S11683700,XKAA1TNZAA01                    ,24L VQFN,0.5,2000,PCS,0.19029,2000,PCS,380.57,TICP,0,USD,0,USD,85423900,000,T/R     ,1,0,USD,No Brand,IC        ,MTAI,24L VQFN(T/R)1,INTEGRATED CIRCUIT TESTING    ,DHL,S11683700  
I-JP-287-S11683702,13,I-JP-287-S11683702,LEBZ2TB3XB04                    ,8L DFN,0.2,100,PCS,0.25112,100,PCS,25.11,UNIS,-0.38,USD,-0.01,USD,85423900,000,T/R     ,1,0,USD,No Brand,IC        ,MTAI,8L DFN(T/R)1,INTEGRATED CIRCUIT TESTING    ,DHL,S11683702  
I-SG-3ML-S11683709,14,I-SG-3ML-S11683709,340201F2XA04                    ,18L SOIC,0.8,1531,PCS,0.3112,1531,PCS,476.45,MTAI,-7.26,USD,-0.1,USD,85423900,000,TUBE    ,2,0,USD,No Brand,IC        ,MTAI,18L SOIC(MTAI)(TUBE)2,INTEGRATED CIRCUIT            ,DHL,S11683709  
I-HK-4YJ-S11683713,15,I-HK-4YJ-S11683713,LEAV1TR6XB04                    ,28L UQFN,0.4,3300,PCS,0.29052,3300,PCS,958.7,NSEB,-14.6,USD,-0.19,USD,85423900,000,T/R     ,1,0,USD,No Brand,IC        ,MTAI,28L UQFN(NSEB)(T/R)1,INTEGRATED CIRCUIT TESTING    ,DHL,S11683713  
I-CA-6QJ-S11683717,16,I-CA-6QJ-S11683717,D5AJ24C2XC00                    ,8L SOIC(150),0.15,545,PCS,0.1625,545,PCS,88.56,MTAI,-1.35,USD,-0.02,USD,85423900,000,TUBE    ,1,0,USD,No Brand,IC        ,MTAI,8L SOIC(150)(MTAI)(TUBE)1,INTEGRATED CIRCUIT            ,DHL,S11683717  
I-HK-ASJ-S11683723,17,I-HK-ASJ-S11683723,LECS2TC2X031                    ,8L SOIC(150),7.47,46200,PCS,0.19401,46200,PCS,8963.06,MMT ,-136.52,USD,-1.82,USD,85423900,000,T/R     ,1,0,USD,No Brand,IC        ,MTAI,8L SOIC(150)(MMT)(T/R)1,INTEGRATED CIRCUIT            ,DHL,S11683723  
I-HK-ASJ-S11683723,18,I-HK-ASJ-S11683723,LECS2TC2X031                    ,8L SOIC(150),40.53,250800,PCS,0.19302,250800,PCS,48409.62,MTAI,-737.32,USD,-9.84,USD,85423900,000,T/R     ,1,0,USD,No Brand,IC        ,MTAI,8L SOIC(150)(MTAI)(T/R)1,INTEGRATED CIRCUIT            ,DHL,S11683723  
I-KR-K7D-S11683734,19,I-KR-K7D-S11683734,STB121KDXMA0                    ,100L VQFN,0.2,40,PCS,1.03306,40,PCS,41.32,ASE ,-0.63,USD,-0.01,USD,85423900,000,TRAY    ,1,0,USD,No Brand,IC        ,MTAI,100L VQFN(TRAY)1,INTEGRATED CIRCUIT TESTING    ,DHL,S11683734  
I-AU-BAA-S11683746,20,I-AU-BAA-S11683746,ABBM1YD3XB00                    ,14L SOIC,0.5,100,PCS,0.10934,100,PCS,10.93,MTAI,-0.06,USD,0,USD,85423900,000,T/R     ,1,0,USD,No Brand,IC        ,MTAI,14L SOIC(MTAI)(T/R)1,INTEGRATED CIRCUIT            ,DHL,S11683746  
I-AU-BAA-S11683746,21,I-AU-BAA-S11683746,GEAH1YC2XADJ                    ,8L SOIC(150),0.5,200,PCS,0.13518,200,PCS,27.04,ATES,-0.14,USD,0,USD,85423900,000,T/R     ,1,-0.01,USD,No Brand,IC        ,MTAI,8L SOIC(150)(T/R)1,INTEGRATED CIRCUIT TESTING    ,DHL,S11683746  
I-HK-0QM-S11683925,22,I-HK-0QM-S11683925,ABAH27C2XA00                    ,8L SOIC(150),0.05,100,PCS,0.0708,100,PCS,7.08,MMT ,-0.04,USD,0,USD,85423900,000,TUBE    ,1,-0.38,USD,No Brand,IC        ,MTAI,8L SOIC(150)(MMT)(TUBE)1,INTEGRATED CIRCUIT            ,DHL,S11683925  
I-HK-0QM-S11683926,23,I-HK-0QM-S11683926,ABAH27C2XA00                    ,8L SOIC(150),0.15,600,PCS,0.0708,600,PCS,42.48,MMT ,-0.23,USD,0,USD,85423900,000,TUBE    ,1,-2.26,USD,No Brand,IC        ,MTAI,8L SOIC(150)(MMT)(TUBE)1,INTEGRATED CIRCUIT            ,DHL,S11683926  
I-IN-45O-S11683929,24,I-IN-45O-S11683929,WACJ17V2XBXC                    ,64L TQFP,0.35,25,PCS,2.75271,25,PCS,68.82,MTAI,-1.05,USD,-0.01,USD,85423900,000,TRAY    ,1,0,USD,No Brand,IC        ,MTAI,64L TQFP(MTAI)(TRAY)1,INTEGRATED CIRCUIT            ,DHL,S11683929  
I-IN-45O-S11684718,25,I-IN-45O-S11684718,YGAS17T4XCKB                    ,44L TQFP,0.1,25,PCS,0.84299,25,PCS,21.07,MTAI,-0.32,USD,0,USD,85423900,000,TRAY    ,1,0,USD,No Brand,IC        ,MTAI,44L TQFP(MTAI)(TRAY)1,INTEGRATED CIRCUIT            ,DHL,S11684718  
I-DO-BDO-S11685000,26,I-DO-BDO-S11685000,Y2AJ21C4XA00                    ,8L PDIP,0.9,1500,PCS,0.09818,1500,PCS,147.26,MMT ,-0.81,USD,0,USD,85423900,000,TUBE    ,1,-7.83,USD,No Brand,IC        ,MTAI,8L PDIP(MMT)(TUBE)1,INTEGRATED CIRCUIT            ,DHL,S11685000  
I-C-M0111133,1,I-C-H0T-R3053372,A7AZ57D2XA04                    ,14L PDIP,0.85366,1980,PCS,0.23558,1980,PCS,466.44,MMT ,-2.44,USD,0,USD,85423900,000,TUBE    ,1,-0.09,USD,No Brand,IC        ,MTAI,14L PDIP(MMT)(TUBE)1,INTEGRATED CIRCUIT            ,DHL,R3053372   
I-C-M0111133,2,I-C-FOE-R3054186,63003QA5XJ00                    ,3L SOT-89,1.72457,4000,PCS,0.06163,4000,PCS,246.51,LPI ,-1.29,USD,0,USD,85423900,000,T/R     ,1,-0.05,USD,No Brand,IC        ,MTAI,3L SOT-89(T/R)1,INTEGRATED CIRCUIT TESTING    ,DHL,R3054186   
I-C-M0111133,3,I-C-JID-R3054242,MVAM17N2XLX6                    ,28L SSOP,0.22419,520,PCS,0.6461,520,PCS,335.97,MTAI,-1.76,USD,0,USD,85423900,000,TUBE    ,1,-0.06,USD,No Brand,IC        ,MTAI,28L SSOP(MTAI)(TUBE)1,INTEGRATED CIRCUIT            ,DHL,R3054242   
I-C-M0111133,6,I-C-FOE-R3056007,LECH14R6XB04                    ,28L UQFN,0.62774,1456,PCS,0.56162,1456,PCS,817.71,NSEB,-4.28,USD,0,USD,85423900,000,TUBE    ,1,-0.16,USD,No Brand,IC        ,MTAI,28L UQFN(NSEB)(TUBE)1,INTEGRATED CIRCUIT TESTING    ,DHL,R3056007   
I-C-M0111133,14,I-C-7OG-R3056373,77A06Y3BXC02                    ,8L SOIC(150),1.72457,4000,PCS,0.24154,4000,PCS,966.17,ANAP,-5.05,USD,0,USD,85423900,000,T/R     ,1,-0.19,USD,No Brand,IC        ,MPHL,8L SOIC(150)(T/R)1,INTEGRATED CIRCUIT TESTING    ,DHL,R3056373   
I-C-M0111133,19,I-C-BC7-R3056396,354737M3XA01                    ,28L SPDIP,0.00216,5,PCS,0.3976,5,PCS,1.99,MMT ,-0.01,USD,0,USD,85423900,000,TUBE    ,1,0,USD,No Brand,IC        ,LPI ,28L SPDIP(MMT)(TUBE)1,INTEGRATED CIRCUIT            ,DHL,R3056396   
I-C-M0111133,63,I-C-8VJ-R3056828,V7BB1YC2XA00                    ,8L SOIC(150),0.04311,100,PCS,0.19085,100,PCS,19.08,MTAI,-0.1,USD,0,USD,85423900,000,T/R     ,1,0,USD,No Brand,IC        ,MTAI,8L SOIC(150)(MTAI)(T/R)1,INTEGRATED CIRCUIT            ,DHL,R3056828   
I-R-M0111125,66,I-R-6N0-S11679978,355707G5XC01                    ,20L SOIC,0.0036,14,PCS,0.2659,14,PCS,3.72,ASSH,-0.06,USD,0,USD,85423900,000,TUBE    ,1,0,USD,No Brand,IC        ,ASSH,20L SOIC(TUBE)1,INTEGRATED CIRCUIT TESTING    ,DHL,S11679978  
I-R-M0111125,67,I-R-6N0-S11679978,GBBT2YC7XA00                    ,5L SOT-23,0.77212,3000,PCS,0.06795,3000,PCS,203.85,MTAI,-3.11,USD,-0.04,USD,85423900,000,T/R     ,1,0,USD,No Brand,IC        ,MTAI,5L SOT-23(MTAI)(T/R)1,INTEGRATED CIRCUIT            ,DHL,S11679978  
I-R-M0111125,68,I-R-6N0-S11682187,C50234C4XB04                    ,8L PDIP,0.00566,22,PCS,0.22829,22,PCS,5.02,MMT ,-0.08,USD,0,USD,85423900,000,TUBE    ,1,0,USD,No Brand,IC        ,MTAI,8L PDIP(MMT)(TUBE)1,INTEGRATED CIRCUIT            ,DHL,S11682187  
I-R-M0111125,69,I-R-6N0-S11682188,XKAA1TPFAB13                    ,32L VQFN,0.51475,2000,PCS,0.46384,2000,PCS,927.68,MTAI,-14.13,USD,-0.19,USD,85423900,000,T/R     ,1,0,USD,No Brand,IC        ,MTAI,32L VQFN(MTAI)(T/R)1,INTEGRATED CIRCUIT            ,DHL,S11682188  
I-R-M0111125,70,I-R-6N0-S11683716,A7AB17F3XA04                    ,18L PDIP,0.00386,15,PCS,0.26721,15,PCS,4.01,MMT ,-0.06,USD,0,USD,85423900,000,TUBE    ,1,0,USD,No Brand,IC        ,MTAI,18L PDIP(MMT)(TUBE)1,INTEGRATED CIRCUIT            ,DHL,S11683716  
