Invoice number,Item Number,Ship Reference Number,MPC,Package Description,Net Weight,product quantity,Quantity Unit,Product Price,Invoice Quantity,Invoice Unit,Total amount in FOB,Plant of ASSY,Freight amount,Freight currency,Insurance amount,insurance currency,Tariff code,Tariff Stat,Media Type,MASK_COUNT,Forwarder amount,Forwarder currency,Brand,Product Type,Plant of test,New model,New model desc,Carrier,FINAL_SHIPMENT
C0271178   ,1,P-JP-W07-S11680422,3583873BXC03                    ,8L SOIC(150),0.15,10,PCS,0.28414,10,PCS,2.84,ANAP,-0.02,USD,0,USD,85423900,0,TUBE    ,1,-0.15,USD,No Brand,IC        ,ANAP,8L SOIC(150)(TUBE)1,INTEGRATED CIRCUIT TESTING    ,DHL,P-JP-W07-S11680422
C0271178   ,2,P-JP-W07-S11680422,3610G76JXEXG                    ,169L LFBGA,0.15,5,PCS,4.47078,5,PCS,22.35,ASE ,-0.12,USD,0,USD,85423900,0,TRAY    ,2,-1.19,USD,No Brand,IC        ,MTAI,169L LFBGA(TRAY)2,INTEGRATED CIRCUIT TESTING    ,DHL,P-JP-W07-S11680422
C0271178   ,3,P-JP-W07-S11680423,3583873BXC03                    ,8L SOIC(150),0.15,10,PCS,0.28414,10,PCS,2.84,ANAP,-0.02,USD,0,USD,85423900,0,TUBE    ,1,-0.15,USD,No Brand,IC        ,ANAP,8L SOIC(150)(TUBE)1,INTEGRATED CIRCUIT TESTING    ,DHL,P-JP-W07-S11680423
C0271178   ,4,P-JP-W07-S11680423,59B169RLBC01                    ,24L VQFN,0.15,10,PCS,0.21618,10,PCS,2.16,ASCL,-0.01,USD,0,USD,85423900,0,TRAY    ,1,-0.11,USD,No Brand,IC        ,ASCL,24L VQFN(TRAY)1,INTEGRATED CIRCUIT TESTING    ,DHL,P-JP-W07-S11680423
S11677820  ,5,P-ZA-WB6-S11677820,TG105Y8QXF01                    ,8L TDFN,0.05,10,PCS,0.08874,10,PCS,0.89,ANAP,0,USD,0,USD,85423900,0,T/R     ,1,-0.05,USD,No Brand,IC        ,SIGT,8L TDFN(T/R)1,INTEGRATED CIRCUIT TESTING    ,DHL,P-ZA-WB6-S11677820
S11680356  ,6,P-KR-BRF-S11680356,MFAD14D3XVF1                    ,14L SOIC,0.05,20,PCS,0.27187,20,PCS,5.44,MTAI,-0.03,USD,0,USD,85423900,0,TUBE    ,1,-0.29,USD,No Brand,IC        ,MTAI,14L SOIC(MTAI)(TUBE)1,INTEGRATED CIRCUIT            ,DHL,P-KR-BRF-S11680356
S11680417  ,7,P-JP-MP6-S11680417,TKCC11C2AA02                    ,128L PQFP,0.1,20,PCS,0.81845,20,PCS,16.37,OSE ,-0.09,USD,0,USD,85423900,0,TRAY    ,1,-0.87,USD,No Brand,IC        ,OSE ,128L PQFP(TRAY)1,INTEGRATED CIRCUIT TESTING    ,DHL,P-JP-MP6-S11680417
S11680420  ,8,P-AU-A05-S11680420,354527S2XC01                    ,40L PDIP,0.05,3,PCS,1.00379,3,PCS,3.01,ANAP,-0.02,USD,0,USD,85423900,0,TUBE    ,1,-0.16,USD,No Brand,IC        ,LPI ,40L PDIP(TUBE)1,INTEGRATED CIRCUIT TESTING    ,DHL,P-AU-A05-S11680420
S11680421  ,9,P-JP-W07-S11680421,354737T5XA05                    ,32L TQFP,0.25,3,PCS,0.34613,3,PCS,1.04,MTAI,-0.01,USD,0,USD,85423900,0,TRAY    ,1,-0.06,USD,No Brand,IC        ,MTAI,32L TQFP(MTAI)(TRAY)1,INTEGRATED CIRCUIT            ,DHL,P-JP-W07-S11680421
S11680421  ,10,P-JP-W07-S11680421,355T97T5XC03                    ,32L TQFP,0.25,3,PCS,0.53808,3,PCS,1.61,ANAP,-0.01,USD,0,USD,85423900,0,TRAY    ,1,-0.09,USD,No Brand,IC        ,MPHL,32L TQFP(TRAY)1,INTEGRATED CIRCUIT TESTING    ,DHL,P-JP-W07-S11680421
S11680425  ,11,P-CA-W30-S11680425,LECF17D2XB05                    ,14L PDIP,0.05,3,PCS,0.47829,3,PCS,1.43,MMT ,-0.01,USD,0,USD,85423900,0,TUBE    ,1,-0.08,USD,No Brand,IC        ,MTAI,14L PDIP(MMT)(TUBE)1,INTEGRATED CIRCUIT            ,DHL,P-CA-W30-S11680425
S11680426  ,12,P-CA-W30-S11680426,GBAT24A2XB00                    ,3L TO-92,0.05,3,PCS,0.06608,3,PCS,0.2,GTK ,0,USD,0,USD,85423900,0,BAG     ,1,-0.01,USD,No Brand,IC        ,MTAI,3L TO-92(BAG)1,INTEGRATED CIRCUIT TESTING    ,DHL,P-CA-W30-S11680426
S11680433  ,13,P-CA-W32-S11680433,STB127KDXRA0                    ,100L VQFN,0.05,3,PCS,0.95344,3,PCS,2.86,ASE ,-0.02,USD,0,USD,85423900,0,TRAY    ,1,-0.15,USD,No Brand,IC        ,MTAI,100L VQFN(TRAY)1,INTEGRATED CIRCUIT TESTING    ,DHL,P-CA-W32-S11680433
S11682071  ,14,P-CA-MP9-S11682071,92S037LCBB54                    ,28L MODULE,0.35,2,PCS,1.57176,2,PCS,3.14,MEC5,-0.02,USD,0,USD,85371099,0,TRAY    ,1,-0.17,USD,No Brand,IC        ,MEC5,28L MODULE(TRAY)1,IC MODULES TESTING            ,DHL,P-CA-MP9-S11682071
S11682074  ,15,P-AU-A05-S11682074,TLAF17N2XMKD                    ,28L SSOP,0.05,3,PCS,0.36501,3,PCS,1.1,ANAP,-0.01,USD,0,USD,85423900,0,TUBE    ,1,-0.06,USD,No Brand,IC        ,MTAI,28L SSOP(TUBE)1,INTEGRATED CIRCUIT TESTING    ,DHL,P-AU-A05-S11682074
S11682074  ,16,P-AU-A05-S11682074,WACG17N2XCXF                    ,28L SSOP,0.05,3,PCS,0.76149,3,PCS,2.28,MTAI,-0.01,USD,0,USD,85423900,0,TUBE    ,1,-0.12,USD,No Brand,IC        ,MTAI,28L SSOP(MTAI)(TUBE)1,INTEGRATED CIRCUIT            ,DHL,P-AU-A05-S11682074
S11682349  ,17,P-JP-W07-S11682349,LECF17D2XB05                    ,14L PDIP,0.05,3,PCS,0.47829,3,PCS,1.43,MMT ,-0.01,USD,0,USD,85423900,0,TUBE    ,1,-0.08,USD,No Brand,IC        ,MTAI,14L PDIP(MMT)(TUBE)1,INTEGRATED CIRCUIT            ,DHL,P-JP-W07-S11682349
S11682349  ,18,P-JP-W07-S11682349,LECM17M3XBXX                    ,28L SPDIP,0.05,3,PCS,0.65765,3,PCS,1.97,MMT ,-0.01,USD,0,USD,85423900,0,TUBE    ,1,-0.1,USD,No Brand,IC        ,MTAI,28L SPDIP(MMT)(TUBE)1,INTEGRATED CIRCUIT            ,DHL,P-JP-W07-S11682349
P-MX-M0111120,1,P-MX-W37-S11672053,DFAF17S2XB20                    ,40L PDIP,0.02609,2,PCS,1.38296,2,PCS,2.77,MMT ,-0.02,USD,0,USD,85423900,0,TUBE    ,1,-0.15,USD,No Brand,IC        ,MTAI,40L PDIP(MMT)(TUBE)1,INTEGRATED CIRCUIT            ,DHL,S11672053  
P-MX-M0111120,2,P-MX-W37-S11672053,DFAF17S2XB30                    ,40L PDIP,0.01304,1,PCS,1.37824,1,PCS,1.38,MMT ,-0.01,USD,0,USD,85423900,0,TUBE    ,1,-0.07,USD,No Brand,IC        ,MTAI,40L PDIP(MMT)(TUBE)1,INTEGRATED CIRCUIT            ,DHL,S11672053  
P-TW-M0111122,3,P-TW-MTY-S11675885,25823YH2AC03                    ,8L VDFN,0.02709,10,PCS,0.05947,10,PCS,0.59,UNIC,0,USD,0,USD,85423900,0,T/R     ,1,-0.03,USD,No Brand,IC        ,UNIC,8L VDFN(T/R)1,INTEGRATED CIRCUIT TESTING    ,DHL,S11675885  
P-TW-M0111122,4,P-TW-MTY-S11675885,TKMA1YJUAA04                    ,10L VDFN,0.02709,10,PCS,0.1416,10,PCS,1.42,UNIC,-0.01,USD,0,USD,85423900,0,T/R     ,1,-0.08,USD,No Brand,IC        ,UNIS,10L VDFN(T/R)1,INTEGRATED CIRCUIT TESTING    ,DHL,S11675885  
P-TW-M0111122,5,P-TW-MTY-S11675886,341034M4XVA1                    ,28L QFN,0.02709,10,PCS,0.49466,10,PCS,4.95,NSEB,-0.02,USD,0,USD,85423900,0,TUBE    ,2,-0.27,USD,No Brand,IC        ,MTAI,28L QFN(NSEB)(TUBE)2,INTEGRATED CIRCUIT TESTING    ,DHL,S11675886  
P-TW-M0111122,6,P-TW-MTY-S11675888,STGB11PSAA21                    ,48L VQFN,0.01355,5,PCS,0.46067,5,PCS,2.3,ASCL,-0.01,USD,0,USD,85423900,0,TRAY    ,1,-0.12,USD,No Brand,IC        ,OSE ,48L VQFN(TRAY)1,INTEGRATED CIRCUIT TESTING    ,DHL,S11675888  
P-TW-M0111122,7,P-TW-MTY-S11675888,XG0021S8XA00                    ,32L QFN,0.01355,5,PCS,0.21901,5,PCS,1.1,ASE ,-0.01,USD,0,USD,85423900,0,TRAY    ,1,-0.06,USD,No Brand,IC        ,MMT ,32L QFN(TRAY)1,INTEGRATED CIRCUIT TESTING    ,DHL,S11675888  
P-MX-M0111120,8,P-MX-W37-S11676043,LECG27S2XL06                    ,40L PDIP,0.03913,3,PCS,0.81813,3,PCS,2.45,MMT ,-0.01,USD,0,USD,85423900,0,TUBE    ,1,-0.13,USD,No Brand,IC        ,MTAI,40L PDIP(MMT)(TUBE)1,INTEGRATED CIRCUIT            ,DHL,S11676043  
P-MX-M0111120,9,P-MX-W37-S11676043,LECG27T4XL06                    ,44L TQFP,0.03913,3,PCS,0.62933,3,PCS,1.89,MTAI,-0.01,USD,0,USD,85423900,0,TRAY    ,1,-0.1,USD,No Brand,IC        ,MTAI,44L TQFP(MTAI)(TRAY)1,INTEGRATED CIRCUIT            ,DHL,S11676043  
P-MX-M0111120,10,P-MX-W37-S11676043,TTAB17V7XBXF                    ,100L TQFP,0.03913,3,PCS,1.35621,3,PCS,4.07,MTAI,-0.02,USD,0,USD,85423900,0,TRAY    ,1,-0.22,USD,No Brand,IC        ,MTAI,100L TQFP(MTAI)(TRAY)1,INTEGRATED CIRCUIT            ,DHL,S11676043  
P-MX-M0111120,11,P-MX-W37-S11676043,WACV14N2XBXF                    ,28L SSOP,0.03913,3,PCS,0.83701,3,PCS,2.51,MTAI,-0.01,USD,0,USD,85423900,0,TUBE    ,1,-0.13,USD,No Brand,IC        ,MTAI,28L SSOP(MTAI)(TUBE)1,INTEGRATED CIRCUIT            ,DHL,S11676043  
P-MX-M0111120,12,P-MX-W37-S11676044,355727S2XC07                    ,40L PDIP,0.02609,2,PCS,0.51448,2,PCS,1.03,LPI ,-0.01,USD,0,USD,85423900,0,TUBE    ,1,-0.05,USD,No Brand,IC        ,LPI ,40L PDIP(TUBE)1,INTEGRATED CIRCUIT TESTING    ,DHL,S11676044  
P-MX-M0111120,13,P-MX-W37-S11676044,C5AK17S2XAXF                    ,40L PDIP,0.01304,1,PCS,0.72688,1,PCS,0.73,MMT ,0,USD,0,USD,85423900,0,TUBE    ,1,-0.04,USD,No Brand,IC        ,MTAI,40L PDIP(MMT)(TUBE)1,INTEGRATED CIRCUIT            ,DHL,S11676044  
P-TW-M0111122,14,P-TW-MTY-S11677750,35013YPKAA04                    ,28L VQFN,0.07586,28,PCS,0.43896,28,PCS,12.29,UNIS,-0.07,USD,0,USD,85423900,0,T/R     ,2,-0.65,USD,No Brand,IC        ,UNIS,28L VQFN(T/R)2,INTEGRATED CIRCUIT TESTING    ,DHL,S11677750  
P-HK-M0111121,15,P-HK-AA2-S11677757,ST40592JCA02                    ,138L QFN,0.05455,10,PCS,1.08938,10,PCS,10.89,ASE ,-0.06,USD,0,USD,85423900,0,TRAY    ,1,-0.58,USD,No Brand,IC        ,ASE9,138L QFN(TRAY)1,INTEGRATED CIRCUIT TESTING    ,DHL,S11677757  
P-TW-M0111122,16,P-TW-MTY-S11677767,GBBW1YC7XH50                    ,5L SOT-23,0.27094,100,PCS,0.06797,100,PCS,6.8,MTAI,-0.04,USD,0,USD,85423900,0,T/R     ,1,-0.36,USD,No Brand,IC        ,MTAI,5L SOT-23(MTAI)(T/R)1,INTEGRATED CIRCUIT            ,DHL,S11677767  
P-TW-M0111122,17,P-TW-MTY-S11677774,ABAL1TB4XA00                    ,5L SC70,0.08128,30,PCS,0.03776,30,PCS,1.13,NSEB,-0.01,USD,0,USD,85423900,0,T/R     ,1,-0.06,USD,No Brand,IC        ,MTAI,5L SC70(NSEB)(T/R)1,INTEGRATED CIRCUIT TESTING    ,DHL,S11677774  
P-HK-M0111121,18,P-HK-MTH-S11677797,2960373BXA02                    ,8L SOIC(150),0.05455,10,PCS,0.06702,10,PCS,0.67,STAR,0,USD,0,USD,85423900,0,TUBE    ,1,-0.04,USD,No Brand,IC        ,STAR,8L SOIC(150)(TUBE)1,INTEGRATED CIRCUIT TESTING    ,DHL,S11677797  
P-TW-M0111122,19,P-TW-MTY-S11677799,34103YM4XA00                    ,28L QFN,0.10837,40,PCS,0.50693,40,PCS,20.28,NSEB,-0.11,USD,0,USD,85423900,0,T/R     ,2,-1.08,USD,No Brand,IC        ,MTAI,28L QFN(NSEB)(T/R)2,INTEGRATED CIRCUIT TESTING    ,DHL,S11677799  
P-TW-M0111122,20,P-TW-MTY-S11677800,TG106Y9RXB01                    ,10L VDFN,0.02709,10,PCS,0.17181,10,PCS,1.72,NSEB,-0.01,USD,0,USD,85423900,0,T/R     ,1,-0.09,USD,No Brand,IC        ,MMT ,10L VDFN(NSEB)(T/R)1,INTEGRATED CIRCUIT TESTING    ,DHL,S11677800  
P-TW-M0111122,21,P-TW-MTY-S11677802,29622YFGAA05                    ,6L WLCSP,0.01355,5,PCS,0.15293,5,PCS,0.76,JCAP,0,USD,0,USD,85429000,2,T/R     ,1,-0.04,USD,No Brand,DIE       ,JCAP,6L WLCSP,"SAWED DICE, WAFER TESTED      ",DHL,S11677802  
P-TW-M0111122,22,P-TW-MTY-S11677803,2080549GAFA1                    ,3L TO-263,0.02709,10,PCS,0.21618,10,PCS,2.16,GTBF,-0.01,USD,0,USD,85423900,0,TUBE    ,1,-0.11,USD,No Brand,IC        ,GTBF,3L TO-263(TUBE)1,INTEGRATED CIRCUIT TESTING    ,DHL,S11677803  
P-HK-M0111121,23,P-HK-AA2-S11677807,SG4137MFCA01                    ,64L VQFN,0.05455,10,PCS,0.69384,10,PCS,6.94,ASEM,-0.04,USD,0,USD,85423900,0,TRAY    ,1,-0.37,USD,No Brand,IC        ,ASEM,64L VQFN(TRAY)1,INTEGRATED CIRCUIT TESTING    ,DHL,S11677807  
P-HK-M0111121,24,P-HK-SP9-S11678937,V7EA1Y5QXA00                    ,8L TDFN,0.02727,5,PCS,0.23034,5,PCS,1.15,NSEB,-0.01,USD,0,USD,85423900,0,T/R     ,1,-0.06,USD,No Brand,IC        ,MTAI,8L TDFN(NSEB)(T/R)1,INTEGRATED CIRCUIT TESTING    ,DHL,S11678937  
P-CN-M0111124,25,P-CN-WE2-S11679014,65106QGJBC04                    ,64L WLCSP,0.02,10,PCS,0.64286,10,PCS,6.43,ASE ,-0.04,USD,0,USD,85429000,2,T/R     ,1,-0.34,USD,No Brand,DIE       ,ASE9,64L WLCSP,"SAWED DICE, WAFER TESTED      ",DHL,S11679014  
P-TW-M0111122,26,P-TW-MTY-S11679015,65106QGJBC04                    ,64L WLCSP,0.00813,3,PCS,0.64192,3,PCS,1.93,ASE ,-0.01,USD,0,USD,85429000,2,T/R     ,1,-0.1,USD,No Brand,DIE       ,ASE9,64L WLCSP,"SAWED DICE, WAFER TESTED      ",DHL,S11679015  
P-CN-M0111124,27,P-CN-AA2-S11679024,354747S2XC06                    ,40L PDIP,0.02,10,PCS,0.61266,10,PCS,6.13,LPI ,-0.03,USD,0,USD,85423900,0,TUBE    ,1,-0.33,USD,No Brand,IC        ,LPI ,40L PDIP(TUBE)1,INTEGRATED CIRCUIT TESTING    ,DHL,S11679024  
P-CN-M0111124,28,P-CN-GO1-S11679025,65106QGJBC04                    ,64L WLCSP,0.04,20,PCS,0.64286,20,PCS,12.86,ASE ,-0.07,USD,0,USD,85429000,2,T/R     ,1,-0.68,USD,No Brand,DIE       ,ASE9,64L WLCSP,"SAWED DICE, WAFER TESTED      ",DHL,S11679025  
P-MX-M0111120,29,P-MX-W37-S11679038,354737M3XA01                    ,28L SPDIP,0.03913,3,PCS,0.3776,3,PCS,1.13,MMT ,-0.01,USD,0,USD,85423900,0,TUBE    ,1,-0.06,USD,No Brand,IC        ,LPI ,28L SPDIP(MMT)(TUBE)1,INTEGRATED CIRCUIT            ,DHL,S11679038  
P-TW-M0111122,30,P-TW-MTY-S11679109,VA9B2JC7XB33                    ,5L SOT-23,0.05419,20,PCS,0.08874,20,PCS,1.77,NSEB,-0.01,USD,0,USD,85423900,0,T/R     ,1,-0.09,USD,No Brand,IC        ,MTAI,5L SOT-23(NSEB)(T/R)1,INTEGRATED CIRCUIT TESTING    ,DHL,S11679109  
P-MX-M0111120,31,P-MX-W37-S11679122,DFAF17S2XB30                    ,40L PDIP,0.03913,3,PCS,1.38139,3,PCS,4.14,MMT ,-0.02,USD,0,USD,85423900,0,TUBE    ,1,-0.22,USD,No Brand,IC        ,MTAI,40L PDIP(MMT)(TUBE)1,INTEGRATED CIRCUIT            ,DHL,S11679122  
P-MX-M0111120,32,P-MX-W37-S11679123,DEBF17M3XALF                    ,28L SPDIP,0.03913,3,PCS,0.944,3,PCS,2.83,MMT ,-0.02,USD,0,USD,85423900,0,TUBE    ,1,-0.15,USD,No Brand,IC        ,MTAI,28L SPDIP(MMT)(TUBE)1,INTEGRATED CIRCUIT            ,DHL,S11679123  
P-MX-M0111120,33,P-MX-W37-S11679123,DEBF17M3XAXF                    ,28L SPDIP,0.03913,3,PCS,0.944,3,PCS,2.83,MMT ,-0.02,USD,0,USD,85423900,0,TUBE    ,1,-0.15,USD,No Brand,IC        ,MTAI,28L SPDIP(MMT)(TUBE)1,INTEGRATED CIRCUIT            ,DHL,S11679123  
P-MX-M0111120,34,P-MX-W37-S11679124,DEBF17M3XALF                    ,28L SPDIP,0.03913,3,PCS,0.944,3,PCS,2.83,MMT ,-0.02,USD,0,USD,85423900,0,TUBE    ,1,-0.15,USD,No Brand,IC        ,MTAI,28L SPDIP(MMT)(TUBE)1,INTEGRATED CIRCUIT            ,DHL,S11679124  
P-MX-M0111120,35,P-MX-W37-S11679124,DEBF17M3XAXF                    ,28L SPDIP,0.03913,3,PCS,0.944,3,PCS,2.83,MMT ,-0.02,USD,0,USD,85423900,0,TUBE    ,1,-0.15,USD,No Brand,IC        ,MTAI,28L SPDIP(MMT)(TUBE)1,INTEGRATED CIRCUIT            ,DHL,S11679124  
P-CN-M0111124,36,P-CN-WE2-S11680358,35818Y3BXC01                    ,8L SOIC(150),0.06,30,PCS,0.03398,30,PCS,1.02,ANAP,-0.01,USD,0,USD,85423900,0,T/R     ,1,-0.05,USD,No Brand,IC        ,ANAP,8L SOIC(150)(T/R)1,INTEGRATED CIRCUIT TESTING    ,DHL,S11680358  
P-HK-M0111121,37,P-HK-MTH-S11680362,CEAK14T4XAXF                    ,44L TQFP,0.05455,10,PCS,1.15829,10,PCS,11.58,MTAI,-0.06,USD,0,USD,85423900,0,TRAY    ,1,-0.62,USD,No Brand,IC        ,MTAI,44L TQFP(MTAI)(TRAY)1,INTEGRATED CIRCUIT            ,DHL,S11680362  
P-CN-M0111124,38,P-CN-WE2-S11680369,DECR24C3XA00                    ,8L SOIC(207),0.06,30,PCS,0.57678,30,PCS,17.3,MTAI,-0.1,USD,0,USD,85423900,0,TUBE    ,1,-0.92,USD,No Brand,IC        ,MTAI,8L SOIC(207)(MTAI)(TUBE)1,INTEGRATED CIRCUIT            ,DHL,S11680369  
P-HK-M0111121,39,P-HK-MTH-S11680404,59B15QREBC01                    ,20L VQFN,0.05455,10,PCS,0.19258,10,PCS,1.93,ASCL,-0.01,USD,0,USD,85423900,0,T/R     ,1,-0.1,USD,No Brand,IC        ,ASCL,20L VQFN(T/R)1,INTEGRATED CIRCUIT TESTING    ,DHL,S11680404  
P-TW-M0111122,40,P-TW-MTY-S11680405,TKNE1TN9AA02                    ,8L UQFN,0.05419,20,PCS,0.11328,20,PCS,2.27,UNIS,-0.01,USD,0,USD,85423900,0,T/R     ,1,-0.12,USD,No Brand,IC        ,UNIS,8L UQFN(T/R)1,INTEGRATED CIRCUIT TESTING    ,DHL,S11680405  
P-TW-M0111122,41,P-TW-MTY-S11680406,TKNE1TN9AA02                    ,8L UQFN,0.05419,20,PCS,0.11328,20,PCS,2.27,UNIS,-0.01,USD,0,USD,85423900,0,T/R     ,1,-0.12,USD,No Brand,IC        ,UNIS,8L UQFN(T/R)1,INTEGRATED CIRCUIT TESTING    ,DHL,S11680406  
P-MX-M0111120,42,P-MX-W37-S11680431,DFAF17S2XB20                    ,40L PDIP,0.03913,3,PCS,1.38139,3,PCS,4.14,MMT ,-0.02,USD,0,USD,85423900,0,TUBE    ,1,-0.22,USD,No Brand,IC        ,MTAI,40L PDIP(MMT)(TUBE)1,INTEGRATED CIRCUIT            ,DHL,S11680431  
P-MX-M0111120,43,P-MX-W37-S11680431,DFAF17S2XB30                    ,40L PDIP,0.03913,3,PCS,1.38139,3,PCS,4.14,MMT ,-0.02,USD,0,USD,85423900,0,TUBE    ,1,-0.22,USD,No Brand,IC        ,MTAI,40L PDIP(MMT)(TUBE)1,INTEGRATED CIRCUIT            ,DHL,S11680431  
P-MX-M0111120,44,P-MX-W37-S11680432,DEBF17S2XAXF                    ,40L PDIP,0.01304,1,PCS,1.05728,1,PCS,1.06,MMT ,-0.01,USD,0,USD,85423900,0,TUBE    ,1,-0.06,USD,No Brand,IC        ,MTAI,40L PDIP(MMT)(TUBE)1,INTEGRATED CIRCUIT            ,DHL,S11680432  
P-MX-M0111120,45,P-MX-W37-S11680432,SABC17N3XBXF                    ,28L SOIC,0.01304,1,PCS,0.78352,1,PCS,0.78,MTAI,0,USD,0,USD,85423900,0,TUBE    ,1,-0.04,USD,No Brand,IC        ,MTAI,28L SOIC(MTAI)(TUBE)1,INTEGRATED CIRCUIT            ,DHL,S11680432  
P-MX-M0111120,46,P-MX-W37-S11680432,TRAA57M3XFA5                    ,28L SPDIP,0.01304,1,PCS,0.64192,1,PCS,0.64,MMT ,0,USD,0,USD,85423900,0,TUBE    ,1,-0.03,USD,No Brand,IC        ,MTAI,28L SPDIP(MMT)(TUBE)1,INTEGRATED CIRCUIT            ,DHL,S11680432  
P-MX-M0111120,47,P-MX-W37-S11680432,YGAQ17F2XAAA                    ,18L SOIC,0.01304,1,PCS,0.472,1,PCS,0.47,MTAI,0,USD,0,USD,85423900,0,TUBE    ,1,-0.03,USD,No Brand,IC        ,MTAI,18L SOIC(MTAI)(TUBE)1,INTEGRATED CIRCUIT            ,DHL,S11680432  
P-TW-M0111122,48,P-TW-MTY-S11680533,ABBX1YD4XB00                    ,14L TSSOP,0.02709,10,PCS,0.08402,10,PCS,0.84,MMT ,0,USD,0,USD,85423900,0,T/R     ,1,-0.04,USD,No Brand,IC        ,MTAI,14L TSSOP(MMT)(T/R)1,INTEGRATED CIRCUIT            ,DHL,S11680533  
P-TW-M0111122,94,P-TW-MTY-S11682152,2A8131CQAA01                    ,48L TQFP,0.08128,30,PCS,0.84488,30,PCS,25.35,ANAP,-0.14,USD,0,USD,85423900,0,TRAY    ,1,-1.35,USD,No Brand,IC        ,UNIS,48L TQFP(TRAY)1,INTEGRATED CIRCUIT TESTING    ,DHL,S11682152  
P-TW-M0111122,95,P-TW-MTY-S11682154,GBAM14A7XA33                    ,8L DFN,0.01355,5,PCS,0.12838,5,PCS,0.64,NSEB,0,USD,0,USD,85423900,0,TUBE    ,1,-0.03,USD,No Brand,IC        ,MTAI,8L DFN(NSEB)(TUBE)1,INTEGRATED CIRCUIT TESTING    ,DHL,S11682154  
P-TW-M0111122,116,P-TW-MTY-S11683643,STH0116XXA15                    ,128L TQFP,0.01355,5,PCS,2.596,5,PCS,12.98,ASE ,-0.07,USD,0,USD,85423900,0,TRAY    ,1,-0.69,USD,No Brand,IC        ,MTAI,128L TQFP(TRAY)1,INTEGRATED CIRCUIT TESTING    ,DHL,S11683643  
P-TW-M0111122,117,P-TW-MTY-S11683644,TRAE17V2XAA4                    ,64L TQFP,0.04064,15,PCS,0.85338,15,PCS,12.8,MTAI,-0.07,USD,0,USD,85423900,0,TRAY    ,1,-0.68,USD,No Brand,IC        ,MTAI,64L TQFP(MTAI)(TRAY)1,INTEGRATED CIRCUIT            ,DHL,S11683644  
P-TW-M0111122,118,P-TW-MTY-S11683644,TRAF17V7XAF4                    ,100L TQFP,0.04064,15,PCS,1.26874,15,PCS,19.03,MTAI,-0.1,USD,0,USD,85423900,0,TRAY    ,1,-1.01,USD,No Brand,IC        ,MTAI,100L TQFP(MTAI)(TRAY)1,INTEGRATED CIRCUIT            ,DHL,S11683644  
S11682145,17,P-TW-QTA-S11682145,STA1596ZCB09,1467L BBGA,2.8,84,PCS,19.202,84,PCS,1612.97,STAK,0,,0,,85423900,0,TRAY,1,0,,No Brand,IC,STAK,1467L BBGA(TRAY)1,INTEGRATED CIRCUIT TESTING,,
S11682147,18,P-TW-NVE-S11682147,STA1596ZCB09,1467L BBGA,10.2,255,PCS,19.202,255,PCS,4896.51,STAK,0,,0,,85423900,0,TRAY,1,0,,No Brand,IC,STAK,1467L BBGA(TRAY)1,INTEGRATED CIRCUIT TESTING,,
