Invoice number,Invoice Date,Tax Number,COL_D,Ship From,Ship To,Terms of Payment,Terms of Delivery,Invoice Currency,Invoice Total,Bill to Country,Ship to Country,Invoice in FOB,Total Carton,Pack Unit,Total Net Weight,Net weight Unit,total gross weight,Gross weight Unit,Freight Amount,Freight currency,Insurance Amount,Insurance Currency,Forwarder Amount,Forwarder Currency,Mass Consol or direct,Carrier,FINAL_SHIPMENT
I-AU-BAA-S11683746,2019.10.06,0245557000290,,BKK                                ,AU,P10,DP1,USD,38.2,IE,AU,37.97,1,CT,0.5,KGM,1.1,KGM,-0.2,USD,0,USD,-0.01,USD,Direct,DHL,S11683746  
I-C-M0111133,2019.10.06,0245557000290,,BKK                                ,PRC,t/t 90 days after invoice date,DAP,USD,2871.1,CN,CN,2853.87,1,CT,5.2,KGM,9.2,KGM,-14.93,USD,0,USD,-0.56,USD,Mass Consol,DHL,M0111133
I-CA-6QJ-S11683717,2019.10.06,0245557000290,,BKK                                ,CA,N30,CP1,USD,89.93,US,CA,88.56,1,CT,0.15,KGM,0.2,KGM,-1.35,USD,-0.02,USD,0,USD,Direct,DHL,S11683717  
I-CO-4QH-S11683227,2019.10.06,0245557000290,,BKK                                ,CO,N30,CP1,USD,90.48,US,CO,89.1,1,CT,0.35,KGM,0.4,KGM,-1.36,USD,-0.02,USD,0,USD,Direct,DHL,S11683227  
I-DO-BDO-S11685000,2019.10.06,0245557000290,,BKK                                ,DO,P12,DD1,USD,156,US,DO,147.27,1,CT,0.9,KGM,1.7,KGM,-0.81,USD,0,USD,-7.83,USD,Direct,DHL,S11685000  
I-F-20M-S11683700,2019.10.06,0245557000290,,BKK                                ,US,P20,EXW,USD,380,US,US,380.57,1,CT,0.5,KGM,1.1,KGM,0,USD,0,USD,0,USD,Direct,DHL,S11683700  
I-HK-0QM-S11683925,2019.10.06,0245557000290,,BKK                                ,HK,N45,DDP,USD,7.5,US,HK,7.08,1,CT,0.05,KGM,0.1,KGM,-0.04,USD,0,USD,-0.38,USD,Direct,DHL,S11683925  
I-HK-0QM-S11683926,2019.10.06,0245557000290,,BKK                                ,HK,N45,DDP,USD,45,US,HK,42.48,1,CT,0.15,KGM,0.2,KGM,-0.23,USD,0,USD,-2.26,USD,Direct,DHL,S11683926  
I-HK-4YJ-S11683713,2019.10.06,0245557000290,,BKK                                ,HK,N30,CP1,USD,973.5,IE,HK,958.71,1,CT,0.4,KGM,0.8,KGM,-14.6,USD,-0.19,USD,0,USD,Direct,DHL,S11683713  
I-HK-5AP-S11674117,2019.10.06,0245557000290,,BKK                                ,HK,P25,CP1,USD,438.9,IE,HK,432.23,1,CT,0.25,KGM,0.3,KGM,-6.58,USD,-0.09,USD,0,USD,Direct,DHL,S11674117  
I-HK-7VJ-S11667243,2019.10.06,0245557000290,,BKK                                ,HK,N30,CP1,USD,474,IE,HK,466.8,1,CT,0.15,KGM,0.2,KGM,-7.11,USD,-0.09,USD,0,USD,Direct,DHL,S11667243  
I-HK-ASJ-S11683723,2019.10.06,0245557000290,,BKK                                ,HK,N30,CP1,USD,58258.2,IE,HK,57372.68,6,CT,48,KGM,78,KGM,-873.87,USD,-11.65,USD,0,USD,Direct,DHL,S11683723  
I-IN-45O-S11683929,2019.10.06,0245557000290,,BKK                                ,IN,P10,CP1,USD,69.88,IE,IN,68.82,1,CT,0.35,KGM,0.4,KGM,-1.05,USD,-0.01,USD,0,USD,Direct,DHL,S11683929  
I-IN-45O-S11684718,2019.10.06,0245557000290,,BKK                                ,IN,P10,CP1,USD,21.4,IE,IN,21.08,1,CT,0.1,KGM,0.5,KGM,-0.32,USD,0,USD,0,USD,Direct,DHL,S11684718  
I-IN-AFK-S11683229,2019.10.06,0245557000290,,BKK                                ,IN,N30,CP1,USD,10,IE,IN,9.85,1,CT,0.05,KGM,0.1,KGM,-0.15,USD,0,USD,0,USD,Direct,DHL,S11683229  
I-JP-287-S11683702,2019.10.06,0245557000290,,BKK                                ,JP,N45,CP1,USD,25.5,IE,JP,25.11,1,CT,0.2,KGM,0.6,KGM,-0.38,USD,-0.01,USD,0,USD,Direct,DHL,S11683702  
I-JP-3ZK-S11680525,2019.10.06,0245557000290,,BKK                                ,JP,P10,DD1,USD,134.87,IE,JP,127.32,1,CT,0.15,KGM,0.2,KGM,-0.7,USD,0,USD,-6.77,USD,Direct,DHL,S11680525  
I-KR-K7D-S11683734,2019.10.06,0245557000290,,BKK                                ,KR,N30,CP1,USD,41.96,IE,KR,41.32,1,CT,0.2,KGM,0.6,KGM,-0.63,USD,-0.01,USD,0,USD,Direct,DHL,S11683734  
I-R-M0111125,2019.10.06,0245557000290,,BKK                                ,E.E,t/t 120 days after invoice date,CIP,USD,1161.95,EE,EE,1144.29,2,CT,1.3,KGM,2.5,KGM,-17.43,USD,-0.23,USD,0,USD,Mass Consol,DHL,M0111125
I-SG-3ML-S11683709,2019.10.06,0245557000290,,BKK                                ,SG,N30,CP1,USD,483.8,US,SG,476.44,1,CT,0.8,KGM,1.6,KGM,-7.26,USD,-0.1,USD,0,USD,Direct,DHL,S11683709  
I-TW-2CQ-S11679965,2019.10.06,0245557000290,,BKK                                ,TW,P10,CP1,USD,84.4,US,TW,83.11,1,CT,0.2,KGM,0.6,KGM,-1.27,USD,-0.02,USD,0,USD,Direct,DHL,S11679965  
I-TW-BTW-S11682210,2019.10.06,0245557000290,,BKK                                ,TW,P10,DD1,USD,8.54,IE,TW,8.06,1,CT,0.15,KGM,0.2,KGM,-0.04,USD,0,USD,-0.43,USD,Direct,DHL,S11682210  
