Invoice number,Invoice Date,Tax Number,COL_D,Ship From,Ship To,Terms of Payment,Terms of Delivery,Invoice Currency,Invoice Total,Bill to Country,Ship to Country,Invoice in FOB,Total Carton,Pack Unit,Total Net Weight,Net weight Unit,total gross weight,Gross weight Unit,Freight Amount,Freight currency,Insurance Amount,Insurance Currency,Forwarder Amount,Forwarder Currency,Mass Consol or direct,Carrier,FINAL_SHIPMENT
S11680420  ,2019.10.06,2.45557E+11,,BKK                                ,AU,N30,DDP,USD,3.19,IE,AU,3.01,1,CT,0.05,KGM,0.1,KGM,-0.02,USD,0,USD,-0.16,USD,Direct,DHL,P-AU-A05-S11680420
S11682074  ,2019.10.06,2.45557E+11,,BKK                                ,AU,N30,DDP,USD,3.58,IE,AU,3.38,1,CT,0.05,KGM,0.1,KGM,-0.02,USD,0,USD,-0.18,USD,Direct,DHL,P-AU-A05-S11682074
S11682071  ,2019.10.06,2.45557E+11,,BKK                                ,CA,N30,DDP,USD,3.33,US,CA,3.14,1,CT,0.35,KGM,0.4,KGM,-0.02,USD,0,USD,-0.17,USD,Direct,DHL,P-CA-MP9-S11682071
S11680425  ,2019.10.06,2.45557E+11,,BKK                                ,CA,N30,DDP,USD,1.52,US,CA,1.43,1,CT,0.05,KGM,0.1,KGM,-0.01,USD,0,USD,-0.08,USD,Direct,DHL,P-CA-W30-S11680425
S11680426  ,2019.10.06,2.45557E+11,,BKK                                ,CA,N30,DDP,USD,0.21,US,CA,0.2,1,CT,0.05,KGM,0.1,KGM,0,USD,0,USD,-0.01,USD,Direct,DHL,P-CA-W30-S11680426
S11680433  ,2019.10.06,2.45557E+11,,BKK                                ,CA,N30,DDP,USD,3.03,US,CA,2.86,1,CT,0.05,KGM,0.1,KGM,-0.02,USD,0,USD,-0.15,USD,Direct,DHL,P-CA-W32-S11680433
P-CN-M0111124,2019.10.06,2.45557E+11,,BKK                                ,China,t/t 120 days after invoice date,DDP,USD,46.33,CN,CN,43.74,1,CT,0.2,KGM,0.6,KGM,-0.24,USD,0,USD,-2.32,USD,Mass Consol,DHL,M0111124
P-HK-M0111121,2019.10.06,2.45557E+11,,BKK                                ,Hong Kong,t/t 120 days after invoice date,DDP,USD,35.13,HK,HK,33.16,1,CT,0.3,KGM,0.7,KGM,-0.18,USD,0,USD,-1.77,USD,Mass Consol,DHL,M0111121
S11680417  ,2019.10.06,2.45557E+11,,BKK                                ,JP,N30,DDP,USD,17.34,IE,JP,16.37,1,CT,0.1,KGM,0.5,KGM,-0.09,USD,0,USD,-0.87,USD,Direct,DHL,P-JP-MP6-S11680417
S11680421  ,2019.10.06,2.45557E+11,,BKK                                ,JP,N30,DDP,USD,2.81,IE,JP,2.66,1,CT,0.25,KGM,0.3,KGM,-0.01,USD,0,USD,-0.14,USD,Direct,DHL,P-JP-W07-S11680421
C0271178   ,2019.10.06,2.45557E+11,,BKK                                ,JP,N30,DDP,USD,31.99,IE,JP,30.19,1,CT,0.15,KGM,0.2,KGM,-0.17,USD,0,USD,-1.61,USD,Direct,DHL,P-JP-W07-S11680422
S11682349  ,2019.10.06,2.45557E+11,,BKK                                ,JP,N30,DDP,USD,3.61,IE,JP,3.41,1,CT,0.05,KGM,0.1,KGM,-0.02,USD,0,USD,-0.18,USD,Direct,DHL,P-JP-W07-S11682349
S11680356  ,2019.10.06,2.45557E+11,,BKK                                ,KR,N30,DDP,USD,5.76,IE,KR,5.44,1,CT,0.05,KGM,0.1,KGM,-0.03,USD,0,USD,-0.29,USD,Direct,DHL,P-KR-BRF-S11680356
P-MX-M0111120,2019.10.06,2.45557E+11,,BKK                                ,Mexico,t/t 120 days after invoice date,DDP,USD,47.32,IE,MX,44.67,1,CT,0.6,KGM,1,KGM,-0.25,USD,0,USD,-2.37,USD,Mass Consol,DHL,M0111120
P-TW-M0111122,2019.10.06,2.45557E+11,,BKK                                ,Taiwan,t/t 120 days after invoice date,DDP,USD,143.4,TW,TW,135.37,1,CT,1.1,KGM,1.9,KGM,-0.75,USD,0,USD,-7.17,USD,Mass Consol,DHL,M0111122
S11682147  ,2019.10.06,2.45557E+11,,BKK                                ,TW,N30,EXW,USD,4896.51,IE,TW,4903.85,1,CT,5.1,KGM,9.1,KGM,0,USD,0,USD,0,USD,Direct,DHL,P-TW-NVE-S11682147
S11682145  ,2019.10.06,2.45557E+11,,BKK                                ,TW,N30,EXW,USD,1612.97,IE,TW,1615.39,1,CT,1.4,KGM,2.7,KGM,0,USD,0,USD,0,USD,Direct,DHL,P-TW-QTA-S11682145
S11677820  ,2019.10.06,2.45557E+11,,BKK                                ,ZA,N30,DDP,USD,0.94,IE,ZA,0.89,1,CT,0.05,KGM,0.1,KGM,0,USD,0,USD,-0.05,USD,Direct,DHL,P-ZA-WB6-S11677820
